Epoch,Train_MSE,Val_MSE,Learning_Rate
1,0.003844433295425794,0.0012664874446910274,0.001
2,0.0008205114444053488,0.0002438000161610091,0.001
3,0.00014838661556428368,4.748492127919809e-05,0.001
4,8.46321813955149e-05,2.4567103677634847e-05,0.001
5,7.067851786937339e-05,0.00014071221127737386,0.001
6,5.178823961284428e-05,3.318048857773536e-05,0.001
7,4.786469188068088e-05,5.0259065305995245e-05,0.001
8,4.8128925303387524e-05,2.0956453548214865e-05,0.001
9,4.101139395482358e-05,1.828271730601687e-05,0.001
10,3.7463567851535755e-05,2.1313979623126156e-05,0.001
11,3.6232430274639494e-05,5.135791463387066e-05,0.001
12,3.4653583085414975e-05,1.2384424181271443e-05,0.001
13,3.165596934895748e-05,4.0751095087137786e-05,0.001
14,3.0335289804215703e-05,4.655804123031245e-06,0.001
15,3.0124997494262982e-05,2.9206621643349523e-05,0.001
16,2.8016608454657376e-05,0.0001004902476957624,0.001
17,2.7688073111280505e-05,1.1861068461012223e-05,0.001
18,3.116822011368597e-05,9.630205154303238e-06,0.001
19,2.5301227674314172e-05,5.396502712632792e-05,0.001
20,2.627009083302405e-05,0.00015460159574861218,0.001
21,2.552387058655699e-05,3.0102262449328973e-05,0.001
22,2.5801995128282727e-05,2.3389159774035378e-05,0.001
23,2.381472605173724e-05,2.7424059790958744e-06,0.001
24,2.6937458274359405e-05,9.910352765837122e-06,0.001
25,1.9991096899788454e-05,5.557165206385252e-06,0.001
26,2.246902101323501e-05,1.196904276147346e-05,0.001
27,2.2925202606805324e-05,1.1754763407209136e-05,0.001
28,2.146800830030146e-05,1.3494607588584578e-05,0.001
29,2.6067471520860842e-05,1.1373226557349595e-05,0.001
30,1.7244120400905333e-05,3.116895851675718e-05,0.001
31,2.0378264930297075e-05,1.0651190071297655e-05,0.001
32,1.9463790812745796e-05,2.4363388060463507e-06,0.001
33,2.183162442119525e-05,3.841957387344575e-05,0.001
34,1.8287748455443113e-05,7.961769528930951e-06,0.001
35,2.0283573601741628e-05,2.5341382988790455e-05,0.001
36,1.9044945365710457e-05,3.701159534249663e-06,0.001
37,1.7984141964822625e-05,2.8419296520002383e-05,0.001
38,2.059480939739181e-05,9.136261099720785e-06,0.001
39,1.948614421086732e-05,4.698974686069404e-06,0.001
40,1.8186924309880223e-05,1.6324488222788567e-05,0.001
41,1.6775351811349094e-05,1.905214018982762e-05,0.001
42,1.9484378650369938e-05,3.5787635666260245e-05,0.001
43,1.6182075432056508e-05,3.924338221348115e-06,0.001
44,1.7878340603065236e-05,7.485183225804653e-06,0.001
45,1.77379435282654e-05,1.014984102055479e-05,0.001
46,1.5146464972587736e-05,1.476588412541936e-05,0.001
47,1.8415943491590698e-05,4.993231409149348e-06,0.001
48,1.5951572629971097e-05,9.875013702996762e-06,0.0006
49,4.555556417597669e-06,3.7476299351476033e-06,0.0006
50,7.158977028557594e-06,1.4875138300361601e-05,0.0006
51,6.727247565730424e-06,4.513578471441776e-06,0.0006
52,5.597451684588432e-06,8.165778269886702e-06,0.0006
53,6.118764310013201e-06,1.3917211807363877e-05,0.0006
54,7.316774220999002e-06,1.6784202873994786e-06,0.0006
55,5.624829509227704e-06,5.384456023472821e-06,0.0006
56,6.653603871484958e-06,1.3044847135523563e-05,0.0006
57,6.6824534123358875e-06,4.488796620126515e-06,0.0006
58,6.02540817093789e-06,1.6597133055808363e-05,0.0006
59,5.818134201725963e-06,1.4928063277357134e-06,0.0006
60,6.161711487353685e-06,3.60294192933395e-06,0.0006
61,6.3572920723294096e-06,1.6560370266294225e-06,0.0006
62,5.98221555826883e-06,1.0197807946468907e-06,0.0006
63,5.2350256895228025e-06,3.7902832956320204e-06,0.0006
64,6.605009004773883e-06,2.6316918380484418e-06,0.0006
65,5.576346621524199e-06,5.141905789796189e-06,0.0006
66,6.417810975291954e-06,4.125920986849979e-06,0.0006
67,6.145298909911951e-06,2.7591965295230206e-06,0.0006
68,5.635479449978613e-06,2.3081760077485625e-06,0.0006
69,5.7714074111891994e-06,4.463704250117622e-06,0.0006
70,6.113067073718809e-06,1.9881530231147944e-06,0.0006
71,5.697518714654091e-06,1.5192187304036652e-05,0.0006
72,5.915936918064068e-06,6.545396839168228e-06,0.0006
73,6.472210494967148e-06,1.6952064608639e-05,0.0006
74,5.265025350055156e-06,4.319507087930743e-06,0.0006
75,5.406242831302384e-06,2.080125802946395e-06,0.0006
76,6.872535830260878e-06,1.549327112860238e-06,0.0006
77,6.033224812408415e-06,4.29564760736278e-05,0.0006
78,5.647523777078346e-06,2.1571486797291947e-06,0.00035999999999999997
79,1.8475162977578501e-06,5.971621730120157e-06,0.00035999999999999997
80,2.3126645598545395e-06,9.687752108395484e-07,0.00035999999999999997
81,2.2317136849239285e-06,8.848342216313022e-07,0.00035999999999999997
82,2.2528501605936584e-06,1.5457761622491302e-06,0.00035999999999999997
83,2.223421710051931e-06,1.6253980194945775e-06,0.00035999999999999997
84,2.2421238349426066e-06,7.736872887575778e-06,0.00035999999999999997
85,2.3486654216614505e-06,1.0947354780788217e-06,0.00035999999999999997
86,2.191273811200293e-06,7.785211562204099e-07,0.00035999999999999997
87,2.2207140933186686e-06,7.511789750847171e-07,0.00035999999999999997
88,2.4917233084417265e-06,6.076780462048115e-07,0.00035999999999999997
89,1.8029902534686464e-06,3.056089765001641e-06,0.00035999999999999997
90,2.235880210930326e-06,2.7942228093448037e-06,0.00035999999999999997
91,2.229961360597692e-06,1.510678591960259e-06,0.00035999999999999997
92,2.380176731230137e-06,5.17389473462495e-07,0.00035999999999999997
93,2.204710600969102e-06,6.019559423367214e-07,0.00035999999999999997
94,2.277125958614262e-06,7.89713183112528e-07,0.00035999999999999997
95,2.0571021863845913e-06,1.7912188096979414e-06,0.00035999999999999997
96,2.1130705836128667e-06,2.786215564863666e-06,0.00035999999999999997
97,2.3018427520053505e-06,1.8148925594263943e-06,0.00035999999999999997
98,2.190398278331398e-06,1.351581650715183e-05,0.00035999999999999997
99,1.9996087519639442e-06,1.2932240231856529e-06,0.00035999999999999997
100,2.2998974973643655e-06,8.162800097898425e-07,0.00035999999999999997
101,2.100614794783427e-06,9.737273401029674e-07,0.00035999999999999997
102,2.1229093052481567e-06,3.4019464886205042e-06,0.00035999999999999997
103,2.3301549807929316e-06,7.863336956264399e-07,0.00035999999999999997
104,1.965280786990985e-06,1.6530400155985638e-06,0.00035999999999999997
105,2.290967957604131e-06,2.264780377049668e-06,0.00035999999999999997
106,2.027903521002647e-06,1.055513131337367e-06,0.00035999999999999997
107,2.1403886194733514e-06,1.0529523805722514e-06,0.00035999999999999997
108,2.2747346662767928e-06,6.647943012297679e-07,0.00021599999999999996
109,5.34928816029473e-07,1.3226577940681055e-06,0.00021599999999999996
110,9.011493491722154e-07,6.078274057994458e-07,0.00021599999999999996
111,8.893928609661878e-07,3.0720425065217954e-07,0.00021599999999999996
112,8.523761856044986e-07,6.253907426968373e-07,0.00021599999999999996
113,8.729494688471646e-07,3.2946423918272386e-07,0.00021599999999999996
114,8.573984138171167e-07,1.3706254743314e-06,0.00021599999999999996
115,8.603771033760111e-07,3.2131303851484147e-07,0.00021599999999999996
116,9.460044225096467e-07,7.385134942794995e-07,0.00021599999999999996
117,7.833906699579339e-07,4.673235008264e-07,0.00021599999999999996
118,8.13548238204625e-07,2.571144884964857e-07,0.00021599999999999996
119,8.189020919448812e-07,2.579076824700483e-07,0.00021599999999999996
120,8.244664596708965e-07,5.181647354573353e-07,0.00021599999999999996
121,7.806577081707229e-07,2.6021610152340816e-07,0.00021599999999999996
122,8.427131365008038e-07,4.044556676463899e-07,0.00021599999999999996
123,8.355949232354403e-07,3.297637449699168e-07,0.00021599999999999996
124,7.558992283121521e-07,2.340111368917644e-06,0.00021599999999999996
125,8.90955923182359e-07,1.3446032796999143e-06,0.00021599999999999996
126,8.316415286207923e-07,3.501898839017181e-06,0.00021599999999999996
127,8.018064388247244e-07,6.788601776931207e-07,0.00021599999999999996
128,8.257224785306621e-07,5.517498797322506e-07,0.00021599999999999996
129,7.889414339937746e-07,1.1192109941979693e-06,0.00021599999999999996
130,8.339139258975413e-07,1.393737675241471e-06,0.00021599999999999996
131,7.902520843037686e-07,1.3415072852922307e-06,0.00021599999999999996
132,8.275769750914492e-07,1.0225195777692035e-06,0.00021599999999999996
133,8.23642965884852e-07,5.910694759399658e-07,0.00021599999999999996
134,7.966800475249737e-07,9.754481907218683e-07,0.00012959999999999998
135,2.7009513103733317e-07,1.7815334804910024e-07,0.00012959999999999998
136,3.6619563751987376e-07,1.4837956418693656e-07,0.00012959999999999998
137,3.5952443657809123e-07,1.7486818558648051e-07,0.00012959999999999998
138,3.5584166693416627e-07,1.375713594550599e-07,0.00012959999999999998
139,3.362650531014548e-07,2.2856285672392885e-07,0.00012959999999999998
140,3.82760420050767e-07,2.74776202485147e-07,0.00012959999999999998
141,3.1651436599940705e-07,3.851044565608195e-07,0.00012959999999999998
142,3.6042486505103115e-07,8.839584029002178e-07,0.00012959999999999998
143,3.4259864511954734e-07,3.204512723864047e-07,0.00012959999999999998
144,3.5513369038621946e-07,1.809312987905488e-07,0.00012959999999999998
145,3.5284200986012274e-07,1.4419978251666554e-07,0.00012959999999999998
146,3.4154339736400363e-07,7.888870715278595e-08,0.00012959999999999998
147,3.5215181962949145e-07,2.55173709852686e-07,0.00012959999999999998
148,3.2278923986473857e-07,2.624932755498664e-07,0.00012959999999999998
149,3.2837909547472124e-07,3.609602509304837e-07,0.00012959999999999998
150,3.5949658053331253e-07,2.1357735719149822e-07,0.00012959999999999998
151,3.422195251041444e-07,6.677796071274778e-07,0.00012959999999999998
152,3.3223076941217967e-07,2.5624625982032485e-07,0.00012959999999999998
153,3.2550441528497817e-07,3.0366953535434594e-07,0.00012959999999999998
154,3.2926730830746334e-07,1.5490751066097369e-07,0.00012959999999999998
155,3.1796209046577016e-07,5.404900899195517e-07,0.00012959999999999998
156,3.373065253213334e-07,3.653634037430605e-07,0.00012959999999999998
157,3.438269970077226e-07,2.842977145836196e-07,0.00012959999999999998
158,3.2818878254665294e-07,2.1458003916397702e-07,0.00012959999999999998
159,3.415156788668882e-07,2.0897690680701113e-07,0.00012959999999999998
160,3.0402639202074986e-07,3.632248433473323e-07,0.00012959999999999998
161,3.6808925964203686e-07,2.6453626019847236e-07,0.00012959999999999998
162,2.7732431482989385e-07,9.626780070224478e-08,7.775999999999999e-05
163,1.2867446295758092e-07,1.7386316935965374e-07,7.775999999999999e-05
164,1.5026529951769272e-07,9.161494581743686e-08,7.775999999999999e-05
165,1.5877011412455172e-07,1.6092595527652493e-07,7.775999999999999e-05
166,1.579739964474617e-07,1.4774500540297497e-07,7.775999999999999e-05
167,1.5502943343294786e-07,1.0857642869882875e-07,7.775999999999999e-05
168,1.5441522007357985e-07,1.5092311104701648e-07,7.775999999999999e-05
169,1.584253555891912e-07,2.344668071540456e-07,7.775999999999999e-05
170,1.5204185886319258e-07,2.2508737810386842e-07,7.775999999999999e-05
171,1.5206170967904776e-07,9.494591681793827e-08,7.775999999999999e-05
172,1.5442140440426623e-07,1.4699897686253894e-07,7.775999999999999e-05
173,1.465386745341592e-07,1.2474888178368364e-07,7.775999999999999e-05
174,1.5311897562294265e-07,1.6125056047745877e-07,7.775999999999999e-05
175,1.485173203992751e-07,7.854724978900007e-08,7.775999999999999e-05
176,1.4877410589238358e-07,1.2012407722035492e-07,7.775999999999999e-05
177,1.4439510201188688e-07,7.003115266745637e-08,7.775999999999999e-05
178,1.524631879429458e-07,1.3459902373113388e-07,7.775999999999999e-05
179,1.4250263823024764e-07,1.2345425987355307e-07,7.775999999999999e-05
180,1.478934789497283e-07,1.7285456904927137e-07,7.775999999999999e-05
181,1.4265636895534365e-07,2.1827454796929674e-07,7.775999999999999e-05
182,1.5244951518181515e-07,1.3066963170972287e-07,7.775999999999999e-05
183,1.4436490478116788e-07,1.5689519911614676e-07,7.775999999999999e-05
184,1.4640846925436895e-07,9.2115711853353e-08,7.775999999999999e-05
185,1.474721697229479e-07,1.6200363908330062e-07,7.775999999999999e-05
186,1.5340364750224525e-07,1.0697007747512189e-07,7.775999999999999e-05
187,1.6210330072429044e-07,1.0073247105587201e-07,7.775999999999999e-05
188,1.4299409137584803e-07,1.1042356097420742e-07,7.775999999999999e-05
189,1.482820490710607e-07,9.35402446929281e-08,7.775999999999999e-05
190,1.4086827730002218e-07,2.9317261363854995e-07,7.775999999999999e-05
191,1.3332179060848596e-07,8.634559475645329e-08,7.775999999999999e-05
192,1.5390211148749266e-07,7.674593547507471e-08,7.775999999999999e-05
193,1.4021161365015667e-07,6.056345344307617e-08,7.775999999999999e-05
194,1.4094294825364882e-07,9.273761292862173e-08,7.775999999999999e-05
195,1.4123546493676888e-07,1.1747877459570005e-07,7.775999999999999e-05
196,1.3727317432544637e-07,1.334063133975539e-07,7.775999999999999e-05
197,1.4668833821342433e-07,1.602215490394831e-07,7.775999999999999e-05
198,1.412925945113755e-07,1.3720096615593024e-07,7.775999999999999e-05
199,1.3996824571761072e-07,1.0668540572271685e-07,7.775999999999999e-05
200,1.440939716367019e-07,7.378835715610055e-08,7.775999999999999e-05
201,1.3698954634249534e-07,7.3625458225742e-08,7.775999999999999e-05
202,1.4196442589197916e-07,1.0428585895481152e-07,7.775999999999999e-05
203,1.3288042049484347e-07,7.193255642344371e-08,7.775999999999999e-05
204,1.325392183088382e-07,9.056776819530878e-08,7.775999999999999e-05
205,1.410475704630497e-07,8.528983695326386e-07,7.775999999999999e-05
206,1.3751377305348308e-07,1.042232056222244e-07,7.775999999999999e-05
207,1.449272961348075e-07,8.731518294064779e-08,7.775999999999999e-05
208,1.301388945602902e-07,2.9595570054807074e-07,7.775999999999999e-05
209,1.3965660325843744e-07,1.2805272131542116e-07,4.665599999999999e-05
210,6.177464721490216e-08,6.735519261666522e-08,4.665599999999999e-05
211,7.711048573887648e-08,1.1397564853223237e-07,4.665599999999999e-05
212,7.156559671205034e-08,7.423887113082796e-08,4.665599999999999e-05
213,7.159487961711856e-08,7.733290148306287e-08,4.665599999999999e-05
214,7.203569679211287e-08,5.1818863619982584e-08,4.665599999999999e-05
215,7.218873312742766e-08,1.3036291597024175e-07,4.665599999999999e-05
216,7.187075160882018e-08,1.0085084659467206e-07,4.665599999999999e-05
217,7.426718568733882e-08,6.096951446737192e-08,4.665599999999999e-05
218,6.941960320751852e-08,6.252133463778638e-08,4.665599999999999e-05
219,7.062371099080921e-08,1.0278122078749645e-07,4.665599999999999e-05
220,6.954110441863469e-08,6.539937292043648e-08,4.665599999999999e-05
221,7.043923543574128e-08,9.654490450148864e-08,4.665599999999999e-05
222,7.179373578440765e-08,6.306083252399018e-08,4.665599999999999e-05
223,6.926347514126905e-08,1.053157123155028e-07,4.665599999999999e-05
224,7.053313111153779e-08,6.988029226253098e-08,4.665599999999999e-05
225,7.056798667115876e-08,1.148886059753542e-07,4.665599999999999e-05
226,6.764082009052102e-08,4.837883392244509e-08,4.665599999999999e-05
227,7.163112864623451e-08,6.251050132760852e-08,4.665599999999999e-05
228,6.829554137498513e-08,6.540753192638653e-08,4.665599999999999e-05
229,6.74558582805425e-08,8.23854301169094e-08,4.665599999999999e-05
230,6.997901680392172e-08,4.594322158211534e-08,4.665599999999999e-05
231,6.538496120857161e-08,7.997565903287191e-08,4.665599999999999e-05
232,6.947550881779945e-08,5.019582440016293e-08,4.665599999999999e-05
233,6.809908889990381e-08,1.2249839107412436e-07,4.665599999999999e-05
234,6.780390535613274e-08,1.1674973081822305e-07,4.665599999999999e-05
235,6.773719856217632e-08,8.650625794377724e-08,4.665599999999999e-05
236,6.835765368044593e-08,9.038394718874016e-08,4.665599999999999e-05
237,6.770891591779642e-08,4.8782575282356786e-08,4.665599999999999e-05
238,6.484141168419952e-08,5.936308757509089e-08,4.665599999999999e-05
239,6.731512359835474e-08,8.004734418554093e-08,4.665599999999999e-05
240,6.692656989854102e-08,5.980547554640956e-08,4.665599999999999e-05
241,6.524267113739798e-08,7.207433417065589e-08,4.665599999999999e-05
242,6.683929547360185e-08,1.3584293677385154e-07,4.665599999999999e-05
243,6.519539887685754e-08,4.585438553341064e-08,4.665599999999999e-05
244,6.569442954149895e-08,5.0292660476661514e-08,4.665599999999999e-05
245,6.733026419454388e-08,4.8011268228310874e-08,4.665599999999999e-05
246,6.294422669448426e-08,4.5786095569820475e-08,4.665599999999999e-05
247,6.503732171686445e-08,1.0010162854039874e-07,4.665599999999999e-05
248,6.409176316705328e-08,1.582764928067097e-07,4.665599999999999e-05
249,6.523221604603979e-08,1.2108848412714744e-07,4.665599999999999e-05
250,6.44245190587055e-08,4.5595565526878326e-08,4.665599999999999e-05
251,6.563714931269209e-08,5.2354580002192955e-08,4.665599999999999e-05
252,6.359726268039225e-08,5.973798427410405e-08,4.665599999999999e-05
253,6.192955593487097e-08,4.892833494046396e-08,4.665599999999999e-05
254,6.55581512298302e-08,1.0791371158186979e-07,4.665599999999999e-05
255,6.472947384336916e-08,4.499251549473162e-08,4.665599999999999e-05
256,6.204206154801326e-08,5.298539684623279e-08,4.665599999999999e-05
257,6.190598750328345e-08,4.848451749888977e-08,4.665599999999999e-05
258,6.58414846783221e-08,3.1112268663207204e-08,4.665599999999999e-05
259,6.366325350024866e-08,6.535324588441447e-08,4.665599999999999e-05
260,6.425594885206522e-08,4.163018500357058e-08,4.665599999999999e-05
261,6.636740190117397e-08,3.6450701679522435e-08,4.665599999999999e-05
262,6.548942206408897e-08,3.2780052058210994e-07,4.665599999999999e-05
263,6.222642632732424e-08,1.0365416649784437e-07,4.665599999999999e-05
264,6.244279104881134e-08,5.6094609118464656e-08,4.665599999999999e-05
265,6.283246216115545e-08,7.074628501030145e-08,4.665599999999999e-05
266,6.456683666930272e-08,4.14228630462815e-08,4.665599999999999e-05
267,6.09202582952388e-08,3.917230758401844e-08,4.665599999999999e-05
268,6.234751369283506e-08,7.453260169946012e-08,4.665599999999999e-05
269,6.072403952829468e-08,1.8090411259391303e-07,4.665599999999999e-05
270,6.328085021273224e-08,1.7101119758797604e-07,4.665599999999999e-05
271,6.012815928665883e-08,6.238554073619503e-08,4.665599999999999e-05
272,6.596369927534295e-08,1.1846656932122566e-07,4.665599999999999e-05
273,5.995086930667293e-08,4.392031067159984e-08,4.665599999999999e-05
274,6.242181167858535e-08,7.794363400397495e-08,2.7993599999999992e-05
275,3.312686130211066e-08,4.58176803856271e-08,2.7993599999999992e-05
276,3.714827173819833e-08,3.977719383797852e-08,2.7993599999999992e-05
277,3.6934690342520013e-08,2.6189645835780245e-08,2.7993599999999992e-05
278,3.781201663432708e-08,2.975801230411033e-08,2.7993599999999992e-05
279,3.718474903970584e-08,4.3597811704601347e-08,2.7993599999999992e-05
280,3.6280300450200355e-08,2.5463820583751183e-08,2.7993599999999992e-05
281,3.728078640163828e-08,3.300934186264087e-08,2.7993599999999992e-05
282,3.5599163010338516e-08,4.343370501820533e-08,2.7993599999999992e-05
283,3.5801732485177844e-08,3.054997605248821e-08,2.7993599999999992e-05
284,3.630671167050949e-08,4.195028436010693e-08,2.7993599999999992e-05
285,3.6734209175381845e-08,3.456521535498004e-08,2.7993599999999992e-05
286,3.710703435870682e-08,9.335713769199107e-08,2.7993599999999992e-05
287,3.505615836933439e-08,3.175708206842651e-08,2.7993599999999992e-05
288,3.603986918076898e-08,3.817915846059954e-08,2.7993599999999992e-05
289,3.693275254684645e-08,3.222914321185908e-08,2.7993599999999992e-05
290,3.726124043099437e-08,6.02665481058249e-08,2.7993599999999992e-05
291,3.3882385620109544e-08,2.7490543009429006e-08,2.7993599999999992e-05
292,3.603620099040656e-08,3.079143504504591e-08,2.7993599999999992e-05
293,3.54338189560396e-08,2.7846454411615468e-08,2.7993599999999992e-05
294,3.446861923216438e-08,3.490845321736828e-08,2.7993599999999992e-05
295,3.544829325689011e-08,4.31829904958418e-08,2.7993599999999992e-05
296,3.483941832936557e-08,3.519297713797538e-08,1.6796159999999994e-05
297,2.394314083480065e-08,2.0591097652730987e-08,1.6796159999999994e-05
298,2.5664786166553898e-08,3.000596348882504e-08,1.6796159999999994e-05
299,2.4784424146041177e-08,2.6581841075952764e-08,1.6796159999999994e-05
300,2.5024005026598834e-08,2.860471831499901e-08,1.6796159999999994e-05
301,2.491681396668512e-08,2.177449978884533e-08,1.6796159999999994e-05
302,2.5216053148012403e-08,2.4742760577139287e-08,1.6796159999999994e-05
303,2.4311830483072096e-08,2.7225533892056396e-08,1.6796159999999994e-05
304,2.4169758543358013e-08,2.2222524357617198e-08,1.6796159999999994e-05
305,2.467584233925183e-08,2.1581949263548615e-08,1.6796159999999994e-05
306,2.446259866153861e-08,1.67541791775517e-08,1.6796159999999994e-05
307,2.4535499150163958e-08,2.2148063073043282e-08,1.6796159999999994e-05
308,2.4668193723482212e-08,1.8824886326513637e-08,1.6796159999999994e-05
309,2.4139353447427862e-08,1.9026761750141846e-08,1.6796159999999994e-05
310,2.420382258009178e-08,2.2166637446691013e-08,1.6796159999999994e-05
311,2.4043979368859208e-08,2.9201141779823047e-08,1.6796159999999994e-05
312,2.4180424862252616e-08,3.2447148112526865e-08,1.6796159999999994e-05
313,2.375999283897099e-08,2.047741158651384e-08,1.6796159999999994e-05
314,2.40456273653619e-08,2.800299098763984e-08,1.6796159999999994e-05
315,2.35870139481276e-08,2.447084228521493e-08,1.6796159999999994e-05
316,2.3933472620637155e-08,1.9676600008249234e-08,1.6796159999999994e-05
317,2.338924312014098e-08,2.0529288674391645e-08,1.6796159999999994e-05
318,2.370617583177117e-08,2.3426376246528253e-08,1.6796159999999994e-05
319,2.3754996794903144e-08,1.8569893135171595e-08,1.6796159999999994e-05
320,2.3278955502846703e-08,2.487209198920157e-08,1.6796159999999994e-05
321,2.3252752893703788e-08,1.8222394989282717e-08,1.6796159999999994e-05
322,2.3481777244982366e-08,2.5165186915757935e-08,1.0077695999999996e-05
323,1.783707993907618e-08,1.8490440573600326e-08,1.0077695999999996e-05
324,1.868672180163191e-08,1.862473876597825e-08,1.0077695999999996e-05
325,1.8400337460055365e-08,1.7284398944700454e-08,1.0077695999999996e-05
326,1.8635102872154145e-08,2.0410690790579638e-08,1.0077695999999996e-05
327,1.837037719478701e-08,2.2438780815972215e-08,1.0077695999999996e-05
328,1.8313204600855532e-08,1.781161322502266e-08,1.0077695999999996e-05
329,1.8643141684451318e-08,1.5591773136376472e-08,1.0077695999999996e-05
330,1.8496286508575755e-08,1.8456398612226025e-08,1.0077695999999996e-05
331,1.8340039075905375e-08,1.6228651175186792e-08,1.0077695999999996e-05
332,1.8375738571944556e-08,2.153622500866101e-08,1.0077695999999996e-05
333,1.8243841606934795e-08,1.9200809299656212e-08,1.0077695999999996e-05
334,1.8334105658720967e-08,1.6999641548463605e-08,1.0077695999999996e-05
335,1.816881606698157e-08,1.6395927146140857e-08,1.0077695999999996e-05
336,1.8136527888651286e-08,2.0112864506688898e-08,1.0077695999999996e-05
337,1.8266012906301755e-08,2.7088169838666748e-08,1.0077695999999996e-05
338,1.8158937265504824e-08,1.5743310407700198e-08,1.0077695999999996e-05
339,1.796553934277526e-08,1.7478027665454433e-08,1.0077695999999996e-05
340,1.813990230882636e-08,1.5269029215481815e-08,1.0077695999999996e-05
341,1.793273780755182e-08,1.684743270269222e-08,1.0077695999999996e-05
342,1.7881855016429694e-08,1.4704076954596592e-08,1.0077695999999996e-05
343,1.7997365354072808e-08,2.5521793462883007e-08,1.0077695999999996e-05
344,1.7841105459601888e-08,1.6298956717519312e-08,1.0077695999999996e-05
345,1.777720977146992e-08,1.69053254712016e-08,1.0077695999999996e-05
346,1.7824203041621852e-08,1.856541830316451e-08,1.0077695999999996e-05
347,1.7832048254218628e-08,1.8562884175203407e-08,1.0077695999999996e-05
348,1.782502544314396e-08,1.9431908167765664e-08,1.0077695999999996e-05
349,1.7814173902572615e-08,1.6440579982964635e-08,1.0077695999999996e-05
350,1.7416526457007727e-08,1.8875023470798276e-08,1.0077695999999996e-05
351,1.7796849634539514e-08,1.995464457162496e-08,1.0077695999999996e-05
352,1.7599156152244945e-08,2.208649200055637e-08,1.0077695999999996e-05
353,1.753103801197792e-08,1.9775903236607765e-08,1.0077695999999996e-05
354,1.7551840746454736e-08,1.625033589018743e-08,1.0077695999999996e-05
355,1.771670118492152e-08,1.572428637418887e-08,1.0077695999999996e-05
356,1.7287992686264357e-08,1.888811009565128e-08,1.0077695999999996e-05
357,1.749875975478913e-08,1.6141577601717754e-08,1.0077695999999996e-05
358,1.7438895693841812e-08,2.2015899312779718e-08,6.046617599999998e-06
359,1.4661906461203015e-08,1.423674667220814e-08,6.046617599999998e-06
360,1.5022404913487076e-08,2.14756019707442e-08,6.046617599999998e-06
361,1.4791528059827973e-08,1.3555900371546451e-08,6.046617599999998e-06
362,1.4925959754767578e-08,1.6809857420525157e-08,6.046617599999998e-06
363,1.4860796129359359e-08,1.4681374317491777e-08,6.046617599999998e-06
364,1.486331013092723e-08,1.5937995965012545e-08,6.046617599999998e-06
365,1.482617353618022e-08,1.4625186710188566e-08,6.046617599999998e-06
366,1.4868997656697596e-08,1.3984053856624207e-08,6.046617599999998e-06
367,1.488987535400911e-08,1.4088535308192543e-08,6.046617599999998e-06
368,1.4782178734141604e-08,1.8335300274903922e-08,6.046617599999998e-06
369,1.4796771481682373e-08,1.648197439969935e-08,6.046617599999998e-06
370,1.4726059822548897e-08,1.4371803309443036e-08,6.046617599999998e-06
371,1.475825279178956e-08,1.5145152342329236e-08,6.046617599999998e-06
372,1.4672251131566474e-08,1.5399607044038675e-08,6.046617599999998e-06
373,1.4765038823258321e-08,1.4445653546331221e-08,6.046617599999998e-06
374,1.4660291754438459e-08,1.495953010699441e-08,6.046617599999998e-06
375,1.4709142025348717e-08,1.84560832236331e-08,6.046617599999998e-06
376,1.4471113228044868e-08,1.4790278979476997e-08,6.046617599999998e-06
377,1.467754762105963e-08,1.4812192147346553e-08,3.6279705599999985e-06
378,1.3121285248726811e-08,1.3498269007392299e-08,3.6279705599999985e-06
379,1.317360455842584e-08,1.4970091480325657e-08,3.6279705599999985e-06
380,1.3256398052445417e-08,1.3282482969419817e-08,3.6279705599999985e-06
381,1.323754419282438e-08,1.3043058359988874e-08,3.6279705599999985e-06
382,1.3182249922434416e-08,1.34690494609204e-08,3.6279705599999985e-06
383,1.3110697021448898e-08,1.300960731522638e-08,3.6279705599999985e-06
384,1.315228642709443e-08,1.3666989236457152e-08,3.6279705599999985e-06
385,1.3115289551941787e-08,1.3105258731835547e-08,3.6279705599999985e-06
386,1.3156060868365002e-08,1.2921312872851817e-08,3.6279705599999985e-06
387,1.3183778090581875e-08,1.231115520684676e-08,3.6279705599999985e-06
388,1.313128858586486e-08,1.3361266806333066e-08,3.6279705599999985e-06
389,1.3072580612241258e-08,1.2993809311263524e-08,3.6279705599999985e-06
390,1.3087375519567798e-08,1.2551521757331675e-08,3.6279705599999985e-06
391,1.3124838112894819e-08,1.5338462835248366e-08,3.6279705599999985e-06
392,1.3056757228433036e-08,1.310564985732951e-08,3.6279705599999985e-06
393,1.3042305628227383e-08,1.272201992332414e-08,3.6279705599999985e-06
394,1.3005661685500773e-08,1.3877222659320075e-08,3.6279705599999985e-06
395,1.3059152407777288e-08,1.3519804103873005e-08,3.6279705599999985e-06
396,1.2984865177603672e-08,1.2638314891512374e-08,3.6279705599999985e-06
397,1.2878818269387828e-08,1.4298490029807365e-08,3.6279705599999985e-06
398,1.2941421611163825e-08,1.3129292667001676e-08,3.6279705599999985e-06
399,1.2981044598490106e-08,1.2700637401096684e-08,3.6279705599999985e-06
400,1.291096541391421e-08,1.2914732668292557e-08,3.6279705599999985e-06
401,1.2907199617243536e-08,1.4189943762976835e-08,3.6279705599999985e-06
402,1.2937990672717049e-08,1.2211947690215026e-08,3.6279705599999985e-06
403,1.2865255098640348e-08,1.3736025033103397e-08,3.6279705599999985e-06
404,1.2877673964097254e-08,1.2412770853441266e-08,3.6279705599999985e-06
405,1.2778052285093149e-08,1.442720296873484e-08,3.6279705599999985e-06
406,1.2933821768299373e-08,1.254500371657007e-08,3.6279705599999985e-06
407,1.2847709692538032e-08,1.3324774180130054e-08,3.6279705599999985e-06
408,1.2820709407702188e-08,1.3689225143682776e-08,3.6279705599999985e-06
409,1.2786566569573716e-08,1.313761559340184e-08,3.6279705599999985e-06
410,1.2769190480554538e-08,1.3068411370970912e-08,3.6279705599999985e-06
411,1.2792644361669906e-08,1.219649733127758e-08,3.6279705599999985e-06
412,1.2759713392127167e-08,1.2530614469625959e-08,3.6279705599999985e-06
413,1.27795169137011e-08,1.2266360608576774e-08,3.6279705599999985e-06
414,1.27797893406384e-08,1.3096713840333857e-08,3.6279705599999985e-06
415,1.2693840240956758e-08,1.201731243238757e-08,3.6279705599999985e-06
416,1.2648571068831714e-08,1.2794090570356419e-08,3.6279705599999985e-06
417,1.2664894773717343e-08,1.387790575349478e-08,3.6279705599999985e-06
418,1.2674258870632448e-08,1.3239847269083695e-08,3.6279705599999985e-06
419,1.2693191125505831e-08,1.3637073116460125e-08,3.6279705599999985e-06
420,1.269269075603009e-08,1.2045420690424393e-08,3.6279705599999985e-06
421,1.2634959247331111e-08,1.1559967981969964e-08,3.6279705599999985e-06
422,1.2637397866006897e-08,1.1991643129654405e-08,3.6279705599999985e-06
423,1.2646792918728513e-08,1.1684103262679363e-08,3.6279705599999985e-06
424,1.2694239161760932e-08,1.2776774506420826e-08,3.6279705599999985e-06
425,1.2600906532856444e-08,1.2421737809206301e-08,3.6279705599999985e-06
426,1.2518398317550481e-08,1.164669230852001e-08,3.6279705599999985e-06
427,1.2580264272502717e-08,1.2115716930352168e-08,3.6279705599999985e-06
428,1.2510499562702945e-08,1.2404229173292699e-08,3.6279705599999985e-06
429,1.26106758853316e-08,1.2526473989095908e-08,3.6279705599999985e-06
430,1.2582690699686518e-08,1.2212777675189535e-08,3.6279705599999985e-06
431,1.2538403846372262e-08,1.2849626612774198e-08,3.6279705599999985e-06
432,1.2526540175846845e-08,1.2022504054531617e-08,3.6279705599999985e-06
433,1.2496579125515302e-08,1.276989912047881e-08,3.6279705599999985e-06
434,1.24858123825496e-08,1.3493333395329827e-08,3.6279705599999985e-06
435,1.249188315085259e-08,1.1967911044764995e-08,3.6279705599999985e-06
436,1.2466740691788184e-08,1.2600432014438402e-08,3.6279705599999985e-06
437,1.2448135726600529e-08,1.2485338355720912e-08,2.176782335999999e-06
438,1.159373985443313e-08,1.2306240698813888e-08,2.176782335999999e-06
439,1.1674528345686402e-08,1.144318018364739e-08,2.176782335999999e-06
440,1.1657264785433798e-08,1.1537968049350798e-08,2.176782335999999e-06
441,1.1628463264103401e-08,1.13021736929317e-08,2.176782335999999e-06
442,1.1635174790604784e-08,1.1060672213865273e-08,2.176782335999999e-06
443,1.1644049645634837e-08,1.2760979009761288e-08,2.176782335999999e-06
444,1.162496654855619e-08,1.1899060003398469e-08,2.176782335999999e-06
445,1.1617413864534734e-08,1.1561358341543237e-08,2.176782335999999e-06
446,1.1624380745541771e-08,1.4438460995784269e-08,2.176782335999999e-06
447,1.1626146113159821e-08,1.2876750685074964e-08,2.176782335999999e-06
448,1.1573155105064657e-08,1.1320998671697654e-08,2.176782335999999e-06
449,1.1640099030164003e-08,1.19256915066881e-08,2.176782335999999e-06
450,1.1575601703410907e-08,1.1811667063103678e-08,2.176782335999999e-06
451,1.1558150419007696e-08,1.1888513520590297e-08,2.176782335999999e-06
452,1.149938163826125e-08,1.1400337041256526e-08,2.176782335999999e-06
453,1.1522836327918882e-08,1.1354395388133686e-08,2.176782335999999e-06
454,1.153919106426131e-08,1.0899194611687244e-08,2.176782335999999e-06
455,1.153028390007666e-08,1.1455023030293493e-08,2.176782335999999e-06
456,1.1545475872975045e-08,1.1156911545389233e-08,2.176782335999999e-06
457,1.1486850804898613e-08,1.1447938639480404e-08,2.176782335999999e-06
458,1.1476604264614412e-08,1.1161073829018952e-08,2.176782335999999e-06
459,1.1478132679134956e-08,1.1282800789196773e-08,2.176782335999999e-06
460,1.1478531153349881e-08,1.1910275692043284e-08,2.176782335999999e-06
461,1.1513163555457773e-08,1.1766782239074668e-08,2.176782335999999e-06
462,1.145034463116741e-08,1.1305145243906472e-08,2.176782335999999e-06
463,1.1530627384015776e-08,1.1325581299643868e-08,2.176782335999999e-06
464,1.1448655038902044e-08,1.2592075086131406e-08,2.176782335999999e-06
465,1.1482464503394113e-08,1.1082218123031318e-08,2.176782335999999e-06
466,1.1421204561169054e-08,1.1717410732640675e-08,2.176782335999999e-06
467,1.1459453673216511e-08,1.1651177562348615e-08,2.176782335999999e-06
468,1.1412595759607842e-08,1.117506651188491e-08,2.176782335999999e-06
469,1.1425099186317751e-08,1.1269360498114924e-08,2.176782335999999e-06
470,1.1435575376135078e-08,1.0968602294055691e-08,1.3060694015999993e-06
471,1.0897296088242438e-08,1.0749030508348647e-08,1.3060694015999993e-06
472,1.0915079229543943e-08,1.1191370309684859e-08,1.3060694015999993e-06
473,1.0926832992551353e-08,1.0880364055147833e-08,1.3060694015999993e-06
474,1.0901294549494166e-08,1.0903476741553466e-08,1.3060694015999993e-06
475,1.0916933794817303e-08,1.0864731922485604e-08,1.3060694015999993e-06
476,1.0903250361377057e-08,1.0875922513573807e-08,1.3060694015999993e-06
477,1.0928620362081036e-08,1.125899780397971e-08,1.3060694015999993e-06
478,1.0888761219301777e-08,1.1165826470038906e-08,1.3060694015999993e-06
479,1.0896531075827378e-08,1.0746998626460268e-08,1.3060694015999993e-06
480,1.0900031619934437e-08,1.0761624087271543e-08,1.3060694015999993e-06
481,1.0900993754560257e-08,1.1455458294301549e-08,1.3060694015999993e-06
482,1.0885282322085494e-08,1.08127001658117e-08,1.3060694015999993e-06
483,1.0863623329473295e-08,1.0926084304378557e-08,1.3060694015999993e-06
484,1.0884697615183834e-08,1.0886748031221837e-08,1.3060694015999993e-06
485,1.0856455773379546e-08,1.084069710809647e-08,1.3060694015999993e-06
486,1.0860741304022443e-08,1.137405781865201e-08,1.3060694015999993e-06
487,1.0854665490700104e-08,1.0750786096514917e-08,1.3060694015999993e-06
488,1.0864459781350609e-08,1.0673819537445825e-08,1.3060694015999993e-06
489,1.082107601846796e-08,1.1222749264812991e-08,1.3060694015999993e-06
490,1.0830998526927554e-08,1.082199402866952e-08,1.3060694015999993e-06
491,1.084760893124918e-08,1.0751158909655066e-08,1.3060694015999993e-06
492,1.0825238808843207e-08,1.07315792554405e-08,1.3060694015999993e-06
493,1.083616875108688e-08,1.0673504046469074e-08,1.3060694015999993e-06
494,1.0828517722753552e-08,1.0830316396405923e-08,1.3060694015999993e-06
495,1.07938438306656e-08,1.1089808064881225e-08,1.3060694015999993e-06
496,1.0827083104602398e-08,1.049840922350205e-08,1.3060694015999993e-06
497,1.0806015161335485e-08,1.058080285274728e-08,1.3060694015999993e-06
498,1.0798867340159927e-08,1.1093671995541976e-08,1.3060694015999993e-06
499,1.0796659743909273e-08,1.0541031112285447e-08,1.3060694015999993e-06
500,1.0787587853525826e-08,1.1435090933486392e-08,1.3060694015999993e-06
501,1.0772228592075539e-08,1.096962150090193e-08,1.3060694015999993e-06
502,1.0769857818920493e-08,1.1782318189926857e-08,1.3060694015999993e-06
503,1.0760790097365996e-08,1.1080899313453923e-08,1.3060694015999993e-06
504,1.0808357478794758e-08,1.0656732882641039e-08,1.3060694015999993e-06
505,1.0771920262113121e-08,1.0963224222121293e-08,1.3060694015999993e-06
506,1.0765389401171431e-08,1.1054865439422792e-08,1.3060694015999993e-06
507,1.0759240165576412e-08,1.0628820554112473e-08,1.3060694015999993e-06
508,1.0758858897273955e-08,1.0455234022149488e-08,1.3060694015999993e-06
509,1.0745111558984136e-08,1.0610633006547969e-08,1.3060694015999993e-06
510,1.0734712291170582e-08,1.0554160825252303e-08,1.3060694015999993e-06
511,1.0746778854738863e-08,1.070912658543888e-08,1.3060694015999993e-06
512,1.0720119992034507e-08,1.1042779370247308e-08,1.3060694015999993e-06
513,1.0756167995094683e-08,1.0467367808222228e-08,1.3060694015999993e-06
514,1.0729983261073662e-08,1.068070038789507e-08,1.3060694015999993e-06
515,1.0691957631077916e-08,1.061436403873324e-08,1.3060694015999993e-06
516,1.0693679834591929e-08,1.165655993800411e-08,1.3060694015999993e-06
517,1.0718927729855795e-08,1.0971654627156935e-08,1.3060694015999993e-06
518,1.0700284341795662e-08,1.0646748672604432e-08,1.3060694015999993e-06
519,1.0684563901145241e-08,1.102830352078555e-08,1.3060694015999993e-06
520,1.0702455225393725e-08,1.0555008168864386e-08,1.3060694015999993e-06
521,1.0693066794268247e-08,1.0585179825675151e-08,1.3060694015999993e-06
522,1.067459428069938e-08,1.0650603716947498e-08,1.3060694015999993e-06
523,1.0656536531097296e-08,1.121901789772764e-08,1.3060694015999993e-06
524,1.0702438223510868e-08,1.1891012157013152e-08,7.836416409599996e-07
525,1.0341683793516518e-08,1.0389872204674396e-08,7.836416409599996e-07
526,1.0388617122056323e-08,1.0516349834849143e-08,7.836416409599996e-07
527,1.0368953475850024e-08,1.0386181756362553e-08,7.836416409599996e-07
528,1.0376960408370623e-08,1.046453132496186e-08,7.836416409599996e-07
529,1.0380465853001835e-08,1.026992275365351e-08,7.836416409599996e-07
530,1.0357956449902994e-08,1.0276507918082852e-08,7.836416409599996e-07
531,1.0346280101675954e-08,1.0417632853598747e-08,7.836416409599996e-07
532,1.0349746514520344e-08,1.0424839692404412e-08,7.836416409599996e-07
533,1.0370713437428786e-08,1.0501507601251685e-08,7.836416409599996e-07
534,1.0357882269808936e-08,1.0465563233467414e-08,7.836416409599996e-07
535,1.0347544997833882e-08,1.03034759716119e-08,7.836416409599996e-07
536,1.0352705551230952e-08,1.0580105952638538e-08,7.836416409599996e-07
537,1.0330434959134406e-08,1.0621798216427174e-08,7.836416409599996e-07
538,1.0328337299459015e-08,1.0284895701517884e-08,7.836416409599996e-07
539,1.032581042601309e-08,1.0494392248636654e-08,7.836416409599996e-07
540,1.0340941859977474e-08,1.0446424643063755e-08,7.836416409599996e-07
541,1.0333201629414728e-08,1.0435906315087553e-08,7.836416409599996e-07
542,1.0321910600416609e-08,1.0437099917309102e-08,7.836416409599996e-07
543,1.031834159770604e-08,1.0308782937883039e-08,7.836416409599996e-07
544,1.0330968056706496e-08,1.0143281641235485e-08,7.836416409599996e-07
545,1.0309429354566411e-08,1.0509129145738045e-08,7.836416409599996e-07
546,1.0308231560514768e-08,1.0341936804357282e-08,7.836416409599996e-07
547,1.0310842624609429e-08,1.061270754408376e-08,7.836416409599996e-07
548,1.0315373140800038e-08,1.02626206055265e-08,7.836416409599996e-07
549,1.0308408311701889e-08,1.0340765782490402e-08,7.836416409599996e-07
550,1.0293632454211653e-08,1.069398153031289e-08,7.836416409599996e-07
551,1.0318095727742643e-08,1.0537294289323737e-08,7.836416409599996e-07
552,1.0284634863264934e-08,1.022671581971462e-08,7.836416409599996e-07
553,1.0312430716315992e-08,1.0263675501254672e-08,7.836416409599996e-07
554,1.0264152326150146e-08,1.019705131525616e-08,7.836416409599996e-07
555,1.028655786225297e-08,1.0449061807246934e-08,7.836416409599996e-07
556,1.0260681707437678e-08,1.032364671596846e-08,7.836416409599996e-07
557,1.0288055764402045e-08,1.056477935926549e-08,7.836416409599996e-07
558,1.0283543459373151e-08,1.0277882311935536e-08,7.836416409599996e-07
559,1.0274748381017e-08,1.0469236785364848e-08,7.836416409599996e-07
560,1.0269667880150142e-08,1.0680017203557691e-08,4.7018498457599973e-07
561,1.008027542137998e-08,1.0161427666930474e-08,4.7018498457599973e-07
562,1.0092830968502634e-08,1.002285813633709e-08,4.7018498457599973e-07
563,1.0074166000545689e-08,1.0588676629985927e-08,4.7018498457599973e-07
564,1.0087850393808496e-08,1.0337739757732127e-08,4.7018498457599973e-07
565,1.0088448867561869e-08,1.0297799833910633e-08,4.7018498457599973e-07
566,1.0063898495131042e-08,1.0297254257501873e-08,4.7018498457599973e-07
567,1.0070857717243505e-08,1.0135626358200468e-08,4.7018498457599973e-07
568,1.0057079788599232e-08,1.0308318267262561e-08,4.7018498457599973e-07
569,1.00735989233462e-08,1.0063731879928726e-08,4.7018498457599973e-07
570,1.0064570889278604e-08,1.0233899101173409e-08,4.7018498457599973e-07
571,1.0063383496092103e-08,1.017755723749988e-08,4.7018498457599973e-07
572,1.0068100556161006e-08,1.0217910287715081e-08,4.7018498457599973e-07
573,1.0069548424309816e-08,1.01737934801782e-08,4.7018498457599973e-07
574,1.0054872976823521e-08,1.0314669972451682e-08,4.7018498457599973e-07
575,1.0075781224600416e-08,1.0030647562822739e-08,4.7018498457599973e-07
576,1.0054955187278507e-08,1.006408563324721e-08,4.7018498457599973e-07
577,1.0052055008029933e-08,1.005891411634533e-08,4.7018498457599973e-07
578,1.0059672867184849e-08,1.0067704356724664e-08,2.821109907455998e-07
579,9.929370307481008e-09,9.997240506320117e-09,2.821109907455998e-07
580,9.926852973821626e-09,1.0033087394915312e-08,2.821109907455998e-07
581,9.93642128740104e-09,1.0084514103524674e-08,2.821109907455998e-07
582,9.927505053964713e-09,1.004969692412498e-08,2.821109907455998e-07
583,9.926812798963893e-09,1.0086286448307568e-08,2.821109907455998e-07
584,9.925857675443446e-09,1.0037829735321185e-08,2.821109907455998e-07
585,9.932727681249188e-09,1.0016038529945074e-08,2.821109907455998e-07
586,9.926175760591369e-09,1.007358288869945e-08,2.821109907455998e-07
587,9.918692735111363e-09,1.0145043701367859e-08,2.821109907455998e-07
588,9.926571329141441e-09,1.0134549417840105e-08,2.821109907455998e-07
589,9.919246927095873e-09,1.0150701705965609e-08,2.821109907455998e-07
590,9.92227747813301e-09,1.0044576773163069e-08,2.821109907455998e-07
591,9.923381958743831e-09,1.0184506728489784e-08,2.821109907455998e-07
592,9.920674845931601e-09,1.0032190353981279e-08,2.821109907455998e-07
593,9.914133933633369e-09,9.976385709741966e-09,2.821109907455998e-07
594,9.91306366170024e-09,1.0006451979589906e-08,2.821109907455998e-07
595,9.921323042108278e-09,1.040692766089119e-08,2.821109907455998e-07
596,9.913706552508602e-09,9.98362729874382e-09,2.821109907455998e-07
597,9.92282128984094e-09,1.0077296317509741e-08,2.821109907455998e-07
598,9.910026407696506e-09,1.0028336914959803e-08,2.821109907455998e-07
599,9.908736742245222e-09,9.981201461166249e-09,2.821109907455998e-07
600,9.917516349270232e-09,9.918624885768706e-09,2.821109907455998e-07
601,9.906542174903516e-09,9.952997273673457e-09,2.821109907455998e-07
602,9.9050232259087e-09,1.0054716655904934e-08,2.821109907455998e-07
603,9.906793284483676e-09,9.977636961116208e-09,2.821109907455998e-07
604,9.90255961576057e-09,9.934014134726602e-09,2.821109907455998e-07
605,9.901043829574654e-09,1.0002046367334997e-08,2.821109907455998e-07
606,9.902728269111047e-09,9.966908545059213e-09,2.821109907455998e-07
607,9.90779313785313e-09,9.947506578110969e-09,2.821109907455998e-07
608,9.900557884019895e-09,1.0595257652844999e-08,2.821109907455998e-07
609,9.895510887686678e-09,1.0026441840844333e-08,2.821109907455998e-07
610,9.901126576569607e-09,1.005799967137798e-08,2.821109907455998e-07
611,9.903504337178534e-09,1.0007250758451034e-08,2.821109907455998e-07
612,9.897321333196794e-09,9.928770749723971e-09,2.821109907455998e-07
613,9.89834385558788e-09,9.980829717696205e-09,2.821109907455998e-07
614,9.90166835423912e-09,1.0017428134981498e-08,2.821109907455998e-07
615,9.895193637262979e-09,9.926641543444371e-09,2.821109907455998e-07
616,9.89314902562664e-09,9.964158844165166e-09,1.6926659444735988e-07
617,9.818056276861578e-09,9.92296989505445e-09,1.6926659444735988e-07
618,9.81249179717508e-09,9.962461248763675e-09,1.6926659444735988e-07
619,9.81550604469746e-09,9.97729657019022e-09,1.6926659444735988e-07
620,9.811596561422094e-09,9.91545462145982e-09,1.6926659444735988e-07
621,9.816830840534803e-09,9.885146608784867e-09,1.6926659444735988e-07
622,9.810337228369845e-09,9.895334273363432e-09,1.6926659444735988e-07
623,9.809719933962309e-09,9.902696740715943e-09,1.6926659444735988e-07
624,9.814738428366766e-09,9.916298853394684e-09,1.6926659444735988e-07
625,9.811567160589593e-09,9.950268769699895e-09,1.6926659444735988e-07
626,9.81247252663547e-09,9.891771023663817e-09,1.6926659444735988e-07
627,9.805887396854385e-09,9.874837341298648e-09,1.6926659444735988e-07
628,9.80986014995402e-09,9.969829215319312e-09,1.6926659444735988e-07
629,9.807288174787049e-09,9.896508151926674e-09,1.6926659444735988e-07
630,9.810851012876292e-09,9.912586951406644e-09,1.6926659444735988e-07
631,9.80685438610606e-09,9.960221515051985e-09,1.6926659444735988e-07
632,9.810849478582124e-09,9.975368770035697e-09,1.6926659444735988e-07
633,9.805656346959243e-09,9.87149557545094e-09,1.6926659444735988e-07
634,9.804986173425076e-09,9.967217757924685e-09,1.6926659444735988e-07
635,9.813609658921546e-09,9.895790413367613e-09,1.6926659444735988e-07
636,9.805292964194667e-09,9.919472916178997e-09,1.6926659444735988e-07
637,9.806497513079858e-09,9.942272551892641e-09,1.6926659444735988e-07
638,9.804774276040287e-09,9.909163792831356e-09,1.6926659444735988e-07
639,9.800120957197667e-09,9.90744663102378e-09,1.6926659444735988e-07
640,9.797590404245987e-09,9.965096433668213e-09,1.6926659444735988e-07
641,9.802064921681266e-09,9.86394867334753e-09,1.6926659444735988e-07
642,9.803352770577302e-09,9.844776731263073e-09,1.6926659444735988e-07
643,9.801017146201103e-09,9.945892389949123e-09,1.6926659444735988e-07
644,9.800636615952977e-09,9.853555106609556e-09,1.6926659444735988e-07
645,9.791448379663168e-09,9.896503742373458e-09,1.6926659444735988e-07
646,9.797342675875767e-09,9.906090642182524e-09,1.6926659444735988e-07
647,9.79560961381692e-09,9.888314832577514e-09,1.6926659444735988e-07
648,9.798234366192066e-09,9.87201839956714e-09,1.6926659444735988e-07
649,9.79634298568842e-09,9.89591913568849e-09,1.6926659444735988e-07
650,9.796451452534435e-09,9.87314641030834e-09,1.6926659444735988e-07
651,9.792779385558665e-09,9.861149859028673e-09,1.6926659444735988e-07
652,9.791277760784488e-09,9.844784029003664e-09,1.6926659444735988e-07
653,9.793126166822002e-09,9.871748819303088e-09,1.6926659444735988e-07
654,9.789061044257e-09,9.923298072092069e-09,1.6926659444735988e-07
655,9.797009596944861e-09,9.890638088904622e-09,1.6926659444735988e-07
656,9.790603089511476e-09,9.84731474860265e-09,1.6926659444735988e-07
657,9.79132398456191e-09,9.847436782485864e-09,1.6926659444735988e-07
658,9.784370870720992e-09,9.892146980590864e-09,1.0155995666841592e-07
659,9.73851888235315e-09,9.957791660103483e-09,1.0155995666841592e-07
660,9.742956493304156e-09,9.86843935729173e-09,1.0155995666841592e-07
661,9.737304338136648e-09,9.833412286739104e-09,1.0155995666841592e-07
662,9.740840409248648e-09,9.853785747033908e-09,1.0155995666841592e-07
663,9.73721869538572e-09,9.811041412590603e-09,1.0155995666841592e-07
664,9.740469775810998e-09,9.90932008109718e-09,1.0155995666841592e-07
665,9.737794382194696e-09,9.8309173672903e-09,1.0155995666841592e-07
666,9.736489643106219e-09,9.852823080349594e-09,1.0155995666841592e-07
667,9.735202995045704e-09,9.883200704096936e-09,1.0155995666841592e-07
668,9.734630993244599e-09,9.834609498358157e-09,1.0155995666841592e-07
669,9.740073112497071e-09,9.820937017818649e-09,1.0155995666841592e-07
670,9.738073157194372e-09,9.94820047070117e-09,1.0155995666841592e-07
671,9.73870599894846e-09,9.864038295138334e-09,1.0155995666841592e-07
672,9.740553401146486e-09,9.8549366464983e-09,1.0155995666841592e-07
673,9.738736332077727e-09,9.825455797020514e-09,1.0155995666841592e-07
674,9.734545419977535e-09,9.834548634393907e-09,1.0155995666841592e-07
675,9.73300983319287e-09,9.85610687486264e-09,1.0155995666841592e-07
676,9.737708984559227e-09,9.858479739464645e-09,1.0155995666841592e-07
677,9.731516441348762e-09,9.82280827179702e-09,1.0155995666841592e-07
678,9.73558996724208e-09,9.870562880330867e-09,1.0155995666841592e-07
679,9.734774523792044e-09,1.0074864557228164e-08,1.0155995666841592e-07
680,9.73317158281291e-09,9.838151655590088e-09,1.0155995666841592e-07
681,9.730085491633208e-09,9.836736185052435e-09,1.0155995666841592e-07
682,9.73423067742839e-09,9.808455928233182e-09,1.0155995666841592e-07
683,9.733156536153832e-09,9.826185549923438e-09,1.0155995666841592e-07
684,9.732979355771247e-09,9.830019278390112e-09,1.0155995666841592e-07
685,9.729341904639886e-09,9.802300885364932e-09,1.0155995666841592e-07
686,9.726480230273207e-09,9.813457941434802e-09,1.0155995666841592e-07
687,9.725775123384512e-09,9.826714485385465e-09,1.0155995666841592e-07
688,9.73343624601624e-09,9.833496072915538e-09,1.0155995666841592e-07
689,9.725850976527479e-09,9.962818315494565e-09,1.0155995666841592e-07
690,9.730664361545523e-09,9.859700448186896e-09,1.0155995666841592e-07
691,9.72857015995756e-09,9.802440788029996e-09,1.0155995666841592e-07
692,9.729771413678806e-09,9.900822597667837e-09,1.0155995666841592e-07
693,9.727437966319974e-09,9.88793024166657e-09,1.0155995666841592e-07
694,9.729788650514688e-09,9.857410375385676e-09,1.0155995666841592e-07
695,9.725776391639967e-09,9.814690623496677e-09,1.0155995666841592e-07
696,9.72721718461545e-09,9.803957871821888e-09,1.0155995666841592e-07
697,9.72584358764734e-09,9.888287905895064e-09,1.0155995666841592e-07
698,9.727568876747931e-09,9.848231382312052e-09,1.0155995666841592e-07
699,9.72516218197721e-09,9.832373772017353e-09,1.0155995666841592e-07
700,9.72564213883636e-09,9.832665777878789e-09,1.0155995666841592e-07
701,9.727470885950807e-09,9.858969534670254e-09,1.0155995666841592e-07
702,9.724056696482259e-09,9.906133161277602e-09,1.0155995666841592e-07
703,9.724186272568517e-09,9.832072181336117e-09,1.0155995666841592e-07
704,9.726780885732282e-09,9.808951586314947e-09,1.0155995666841592e-07
705,9.722252983995e-09,9.872652691231203e-09,1.0155995666841592e-07
706,9.719871079131552e-09,9.84566145770991e-09,1.0155995666841592e-07
707,9.723766350385856e-09,9.840439284861096e-09,1.0155995666841592e-07
708,9.722561834259806e-09,9.857831825153369e-09,1.0155995666841592e-07
709,9.722545106498952e-09,9.864760007812554e-09,1.0155995666841592e-07
710,9.722287638714268e-09,9.875452480990534e-09,1.0155995666841592e-07
711,9.71736312520546e-09,9.827442653321859e-09,1.0155995666841592e-07
712,9.718550444546975e-09,9.862523615586416e-09,1.0155995666841592e-07
713,9.72030972216963e-09,9.820569923436362e-09,1.0155995666841592e-07
714,9.716401372350417e-09,9.851102926601643e-09,1.0155995666841592e-07
715,9.714376145591207e-09,9.81701850810009e-09,1.0155995666841592e-07
716,9.716247766977496e-09,9.879447546782155e-09,1.0155995666841592e-07
717,9.719534078216391e-09,9.81367614312191e-09,1.0155995666841592e-07
718,9.717375652554711e-09,9.832962030452954e-09,1.0155995666841592e-07
719,9.716453819421498e-09,9.827830371873585e-09,1.0155995666841592e-07
720,9.71699447960874e-09,9.845075366951358e-09,1.0155995666841592e-07
721,9.715464987074101e-09,9.83623625655601e-09,1.0155995666841592e-07
722,9.71704541351175e-09,9.993956717760444e-09,1.0155995666841592e-07
723,9.717225054247849e-09,9.836251702233699e-09,1.0155995666841592e-07
724,9.714049049792942e-09,9.826664114490518e-09,1.0155995666841592e-07
725,9.715344388402364e-09,9.816936953028982e-09,1.0155995666841592e-07
726,9.714131512726585e-09,9.888903510122498e-09,1.0155995666841592e-07
727,9.716533259021074e-09,9.897043856851065e-09,1.0155995666841592e-07
728,9.714906268186997e-09,9.827590209712881e-09,1.0155995666841592e-07
729,9.714804449732676e-09,9.819434541009005e-09,1.0155995666841592e-07
730,9.712013963860773e-09,9.872527091297535e-09,1.0155995666841592e-07
731,9.712872851084603e-09,9.807825389141706e-09,1.0155995666841592e-07
732,9.707198996981882e-09,9.806160546280396e-09,1.0155995666841592e-07
733,9.711854148561546e-09,9.83591832306325e-09,1.0155995666841592e-07
734,9.70895090512633e-09,9.840926726547037e-09,1.0155995666841592e-07
